{"cameraMode":{"drawMode":0,"name":"Shaded","section":"Shading Mode"},"sceneLighting":true,"audioPlay":false,"sceneViewState":{"m_AlwaysRefresh":false,"showFog":true,"showSkybox":true,"showFlares":true,"showImageEffects":true,"showParticleSystems":true,"showVisualEffectGraphs":true,"m_FxEnabled":false},"in2DMode":false,"pivot":{"x":24.04558563232422,"y":2.7643532752990724,"z":17.68622398376465},"rotation":{"x":-0.24265709519386292,"y":0.2109088897705078,"z":-0.054077643901109698,"w":-0.9453911781311035},"size":0.7643246650695801,"orthographic":false}