{"cameraMode":{"drawMode":0,"name":"Shaded","section":"Shading Mode"},"sceneLighting":true,"audioPlay":false,"sceneViewState":{"m_AlwaysRefresh":false,"showFog":true,"showSkybox":true,"showFlares":true,"showImageEffects":true,"showParticleSystems":true,"showVisualEffectGraphs":true,"m_FxEnabled":false},"in2DMode":false,"pivot":{"x":-0.19974423944950105,"y":0.10069219022989273,"z":-1.3153668642044068},"rotation":{"x":-0.1036115437746048,"y":0.01711246185004711,"z":-0.0017073616618290544,"w":-0.9945001006126404},"size":0.7071067690849304,"orthographic":false}