{"cameraMode":{"drawMode":0,"name":"Shaded","section":"Shading Mode"},"sceneLighting":true,"audioPlay":false,"sceneViewState":{"m_AlwaysRefresh":false,"showFog":true,"showSkybox":true,"showFlares":true,"showImageEffects":true,"showParticleSystems":true,"showVisualEffectGraphs":true,"m_FxEnabled":false},"in2DMode":false,"pivot":{"x":-1.9366350173950196,"y":-2.604522228240967,"z":2.2251338958740236},"rotation":{"x":-0.24265709519386292,"y":0.2109088897705078,"z":-0.054077643901109698,"w":-0.9453911781311035},"size":15.335556030273438,"orthographic":false}