{"cameraMode":{"drawMode":0,"name":"Shaded","section":"Shading Mode"},"sceneLighting":true,"audioPlay":false,"sceneViewState":{"m_AlwaysRefresh":false,"showFog":true,"showSkybox":true,"showFlares":true,"showImageEffects":true,"showParticleSystems":true,"showVisualEffectGraphs":true,"m_FxEnabled":true},"in2DMode":false,"pivot":{"x":133.6787567138672,"y":3.3326148986816408,"z":-126.91071319580078},"rotation":{"x":0.05088268220424652,"y":0.924078106880188,"z":-0.1324675977230072,"w":0.35494333505630495},"size":175.43734741210938,"orthographic":false}