{"cameraMode":{"drawMode":0,"name":"Shaded","section":"Shading Mode"},"sceneLighting":true,"audioPlay":false,"sceneViewState":{"m_AlwaysRefresh":false,"showFog":true,"showSkybox":true,"showFlares":true,"showImageEffects":true,"showParticleSystems":true,"showVisualEffectGraphs":true,"m_FxEnabled":false},"in2DMode":false,"pivot":{"x":20.260705947875978,"y":9.710100173950196,"z":-14.389383316040039},"rotation":{"x":-0.2536177337169647,"y":0.17224322259426118,"z":-0.04586706683039665,"w":-0.9507729411125183},"size":18.621158599853517,"orthographic":false}